group,avg_pca_score
all_16plus,0.2253972728715302
grads_22_27,1.0021543302438183
all_grads,1.0740032773236508
noncollege_22_27,-0.6098718840413686
