wage_quintile,avg_pca_score
1,-0.5521659681449723
2,-0.2679877693072564
3,0.20919158575944388
4,0.6253984504360524
5,1.2189838091254561
